chunk_size,overlap,label,n_chunks,avg_tokens,hit_rate@5,mrr@5,precision@5,chunk_time_s,embed_time_s
256,30,256 / 30,14253,194.2,0.8776,0.7218,0.5796,14.01,32.98
256,50,256 / 50,14281,194.1,0.8776,0.7218,0.5796,13.96,34.71
256,80,256 / 80,14312,194.2,0.8571,0.7177,0.5755,14.0,36.95
400,30,400 / 30,9791,282.8,0.898,0.7565,0.6286,15.96,24.93
400,50,400 / 50,9797,282.7,0.898,0.7565,0.6286,16.01,25.5
400,80,400 / 80,9801,282.8,0.898,0.7565,0.6286,15.94,25.18
512,30,512 / 30,8174,338.8,0.898,0.7701,0.649,17.43,21.25
512,50,512 / 50,8178,338.7,0.898,0.7701,0.649,17.24,20.92
512,80,512 / 80,8179,338.8,0.898,0.7701,0.649,17.21,21.3
